[
    
    {
        "employeeName":"Harshad Mehta",
        "employeeId":101,
        "employeeAge":25,
        "employeeDesignation":"Developer"
    },
    {
        "employeeName":"Romil Pandya",
        "employeeId":102,
        "employeeAge":28,
        "employeeDesignation":" Senior Developer"
    },
    {
        "employeeName":"Rakesh Patel",
        "employeeId":106,
        "employeeAge":39,
        "employeeDesignation":"Manager"
    },
    {
        "employeeName":"Suresh Suthar",
        "employeeId":103,
        "employeeAge":35,
        "employeeDesignation":"Junior Developer"
    },
    {
        "employeeName":"Rita Parikh",
        "employeeId":105,
        "employeeAge":27,
        "employeeDesignation":"Senior HR"
    },
    {
        "employeeName":"Neeta Patel",
        "employeeId":106,
        "employeeAge":36,
        "employeeDesignation":"Bussiness Analyst"
    }
      
]